{
  "weeks": [
    {
      "title": "Orientation – The Fellowship of Ideas",
      "subtitle": "Introduction to the Inklings, Tolkien, and Lewis",
      "assignments": [
        {"text": "Hillsdale College: 'An Introduction to C.S. Lewis' Lecture 1 - Life and Context", "link": "https://online.hillsdale.edu/courses/c-s-lewis-introduction"},
        {"text": "Biography excerpt: 'The Fellowship: The Literary Lives of the Inklings' Chapters 1-2", "link": "https://www.amazon.com/Fellowship-Literary-Lives-Inklings/dp/0061233141"},
        {"text": "YouTube Lecture: 'Tolkien & Lewis: A Friendship'", "link": "https://www.youtube.com/watch?v=0BqzKxdMZkM"},
        {"text": "Public Domain Background Reading: Lewis Early Essays (Project Gutenberg)", "link": "https://www.gutenberg.org/ebooks/author/399"},
        {"text": "Audiobook Preview: 'The Fellowship' (Audible)", "link": "https://www.audible.com/pd/The-Fellowship-Audiobook/B003VXI1TU"}
      ],
      "discussion": [
        "What similarities in worldview did Tolkien and Lewis share early on?",
        "How did their differences enrich their work?",
        "Which events in their early lives most shaped their literary styles?"
      ]
    }
  ]
}